URL,publish date,odds values found,event referenced has occurred,evidence
/blog/5-common-betting-mistakes-south-africa-2026.html,2026-03-11,1.25 | 1.30 | 3.00,unknown,odds are 1.25 || Odds of 1.25 || odds that you think has a 40% chance of winning is better value than a 1.25
/blog/accumulator-betting-guide-south-africa-2026.html,2026-02-24,1.85 | 1.90 | 2.10 | 5.63 | 15.00 | 50.00,n/a evergreen example,odds of 15.00 || Odds 🧮 Quick Example Three selections: • Kaizer Chiefs to win: 2.10 || odds: 2.10
/blog/bankroll-management-guide-south-africa-2026.html,2026-02-25,2.00,n/a evergreen example,odds of 2.00
/blog/best-betting-bonuses-south-africa-2026.html,2026-02-23,1.50 | 1.80 | 2.00 | 2.10,n/a evergreen example,odds of 2.00 || odds of 1.50 || odds between 1.80
/blog/best-bookmakers-accumulator-bets-south-africa-2026.html,2026-03-28,1.20 | 1.45 | 1.50 | 1.70,unknown,Odds Mamelodi Sundowns vs Sekhukhune United Sundowns to win 1.45 || odds: 1.45 || odds per leg (usually 1.20
/blog/best-cashback-loyalty-programs-sa-bookmakers-2026.html,2026-03-21,1.50 | 2.00,n/a evergreen example,"odds of 1.50 || back per week Wagering requirement: 3x, minimum odds 1.50 || odds: 1.50"
/blog/best-f1-betting-sites-south-africa-2026.html,2026-03-23,2.00 | 2.50 | 8.00 | 15.00 | 51.00,unknown,odds range from short favourites (around 2.00 || back (R250 profit) Lewis Hamilton at 8.00 || back (R700 profit) A midfield driver at 51.00
/blog/best-live-rugby-betting-sites-south-africa-2026.html,2026-05-18,1.86,not yet / future-season content,price difference from 1.86
/blog/best-low-deposit-betting-sites-south-africa-2026.html,2026-02-24,1.10,n/a evergreen example,Backing a team at 1.10
/blog/best-rugby-betting-sites-south-africa-2026.html,2026-02-28,1.40 | 1.70 | 1.80 | 2.80,not yet / future-season content,prices on Springbok wins — stuff like Boks to beat Argentina at 1.80 || prices are usually 1.40 || price to beat a mid-table team at home drifts to 1.70
/blog/bet-co-za-vs-betway-south-africa-2026.html,2026-03-31,1.75,unknown,odds of 1.75
/blog/bet-co-za-vs-easybet-south-africa-2026.html,2026-05-25,1.82,unknown,Odds Example Imagine Orlando Pirates are priced around 1.82
/blog/betfred-vs-betway-south-africa-2026.html,2026-03-16,3.00 | 3.10,not yet / future-season content,pricing is typically sharp — you might see Chiefs at 3.10 || odds might look like: Market Betfred Odds Betway Odds Chiefs to Win 3.00
/blog/betmaster-review-south-africa-2026.html,2026-04-17,1.40,unknown,odds to qualify 1.40
/blog/betshezi-review-south-africa-2026.html,2026-03-23,1.50,not yet / future-season content,odds of 1.50
/blog/betshezi-vs-betway-south-africa-2026.html,2026-04-10,1.70,unknown,odds of 1.70
/blog/betshezi-vs-supabets-mobile-betting-south-africa-2026.html,2026-05-20,2.00,unknown,odds 2.00
/blog/betway-vs-easybet-psl-rugby-cricket-guide-2026.html,2026-05-27,1.85,yes,price around 1.85
/blog/betway-vs-sportingbet-south-africa-2026.html,2026-05-24,2.30,unknown,Odds Example Imagine Kaizer Chiefs are away in a tight fixture and the market is roughly Chiefs 2.30
/blog/betway-vs-supabets-psl-rugby-cricket-2026.html,2026-05-29,1.36,yes,price at 1.36
/blog/betway-vs-supabets-south-africa-2026.html,2026-02-25,2.00,unknown,odds of 2.00
/blog/betway-vs-world-sports-betting-south-africa-2026.html,2026-05-15,1.70 | 2.50,unknown,odds of 1.70 || odds of 2.50
/blog/boxing-betting-guide-south-africa-2026.html,2026-03-23,8.00,n/a evergreen example,Odds are typically between 8.00
/blog/cash-out-betting-guide-south-africa-2026.html,2026-03-01,1.60 | 3.50,n/a evergreen example,"odds of 3.50 || odds for Chiefs to win have dropped to 1.60 || odds, you would get roughly R219 (R100 × 3.50"
/blog/comrades-marathon-2026-betting-guide.html,2026-05-15,3.00,n/a evergreen example,Odds typically range from 3.00
/blog/cricket-betting-guide-south-africa-2026.html,2026-02-26,1.85,n/a evergreen example,prices: The difference between 1.85
/blog/each-way-betting-explained-south-africa-2026.html,2026-05-06,9.00,n/a evergreen example,"odds"" actually means: 📊 Place Odds Calculation Horse odds: 8/1 (decimal 9.00"
/blog/easybet-vs-10bet-south-africa-2026.html,2026-03-07,1.50,not yet / future-season content,odds of 1.50
/blog/easybet-vs-world-sports-betting-psl-2026.html,2026-02-18,2.25 | 5.75 | 16.00,yes,"pricing via published PSL odds preview Sekhukhune United vs Mamelodi Sundowns (Jan 27, 2026) WSB 5.75 || odds when another book has 2.25 || odds becomes 16.00"
/blog/esports-betting-guide-south-africa-2026.html,2026-03-09,1.90 | 3.50,n/a evergreen example,back (R40 profit) Underdog at 3.50 || back (R250 profit) Even match at 1.90
/blog/fastest-paying-bookmakers-south-africa-may-2026.html,2026-05-17,1.80 | 1.82,yes,Odds Example: Payout Speed vs Price Imagine Betway has Pirates at 1.82 || odds are 1.80
/blog/gbets-vs-betway-south-africa-2026.html,2026-03-26,1.45 | 1.80,unknown,odds of 1.80 || back them to beat Sekhukhune at 1.45
/blog/gbets-vs-hollywoodbets-south-africa-2026.html,2026-03-27,1.50,unknown,odds of 5/10 (1.50
/blog/gbets-vs-sportingbet-south-africa-2026.html,2026-04-09,1.25 | 1.80,unknown,odds of 1.80 || priced legs (like Sundowns at home at 1.25
/blog/hollywoodbets-vs-easybet-south-africa-2026.html,2026-02-28,1.80 | 3.40,unknown,Odds Examples (February 2026) Match Hollywoodbets Easybet Kaizer Chiefs vs Orlando Pirates (Chiefs Win) 3.40 || odds of 1.80
/blog/hollywoodbets-vs-playabets-psl-playoffs-2026.html,2026-05-06,3.10,yes,Odds Let's say Orlando Pirates vs Mamelodi Sundowns : Hollywoodbets: Pirates 3.10
/blog/hollywoodbets-vs-supabets-2026.html,2026-02-18,2.00,unknown,odds of 2.00
/blog/how-to-bet-fifa-world-cup-2026-south-africa.html,2026-03-28,2.50 | 6.00,not yet / future-season content,Odds around 2.50 || Odds around 6.00
/blog/how-to-bet-nations-championship-2026.html,2026-03-22,1.20 | 1.90 | 2.50 | 3.38 | 3.52,not yet / future-season content,odds: 3.38 || odds: 3.52 || odds: 4.40
/blog/how-to-bet-on-basketball-nba-south-africa-2026.html,2026-03-31,1.10 | 1.90 | 12.00,n/a evergreen example,odds can range from very short (1.10 || Odds on spreads are typically close to evens (around 1.90 || backed them at 12.00
/blog/how-to-bet-on-ipl-2026-south-africa.html,2026-03-26,1.85 | 1.90 | 2.10 | 3.50 | 3.70 | 12.29,n/a evergreen example,@ 1.90 || @ 3.50 || @ 1.85
/blog/how-to-bet-on-psl-south-africa-2026.html,2026-04-06,1.85,yes,Odds R100 Return Sundowns Win (1X2) 1.85
/blog/how-to-bet-on-rugby-south-africa-2026.html,2026-03-06,1.10 | 1.15 | 6.00,not yet / future-season content,odds might be 1.10 || odds — even favourites like Cheslin Kolbe or Makazole Mapimpi typically pay 6.00 || backing the Boks at 1.15
/blog/how-to-bet-on-soccer-south-africa-2026.html,2026-03-04,1.35 | 1.50 | 1.70 | 2.00 | 2.40 | 3.10 | 3.50 | 10.00,n/a evergreen example,Odds of 2.00 || Odds of 1.50 || Odds of 3.50
/blog/how-to-bet-on-t20-cricket-march-2026-series.html,2026-03-11,1.65,yes,odds (1.65
/blog/how-to-bet-on-tennis-south-africa-2026.html,2026-03-07,1.08 | 1.12 | 1.20 | 1.40 | 1.43 | 1.50 | 2.00,n/a evergreen example,Odds are displayed in decimal format at SA bookmakers — 1.40 || priced at 1.50 || odds of around 1.43
/blog/how-to-bet-on-ufc-mma-south-africa-2026.html,2026-03-21,3.15,n/a evergreen example,odds of around 3.15
/blog/how-to-build-psl-rugby-cricket-accumulator-south-africa-2026.html,2026-05-20,1.25 | 3.49 | 4.36,yes,priced favourites at 1.25 || odds are about 3.49 || odds: roughly 4.36
/blog/how-to-open-betting-account-south-africa-2026.html,2026-03-09,2.50,n/a evergreen example,odds are 2.50
/blog/how-to-use-betting-calculators-south-africa.html,2026-02-21,1.75 | 1.80 | 12.00 | 18.90,n/a evergreen example,odds: 1.75 || odds of 1.80 || odds of about 18.90
/blog/how-to-use-free-bets-south-africa-2026.html,2026-03-05,1.10 | 1.50 | 3.00 | 5.00,n/a evergreen example,odds → profit = R50 (50% of stake value) • R100 free bet on 3.00 || odds → profit = R200 (200% of stake value) • R100 free bet on 5.00 || odds of 3.00
/blog/is-online-betting-legal-south-africa-2026.html,2026-03-24,2.50,n/a evergreen example,odds of 2.50
/blog/liv-golf-south-africa-2026-betting-guide.html,2026-03-22,3.00 | 5.00 | 5.50 | 13.00,n/a evergreen example,"odds: Player Odds (Decimal) Odds (American) Key Form Jon Rahm 5.50 || tiple LIV wins, consistent form Dustin Johnson 13.00 || priced at 5.00"
/blog/lucky-numbers-betting-guide-south-africa-2026.html,2026-03-14,7.17,n/a evergreen example,odds would be about 7.17
/blog/matched-betting-guide-south-africa-2026.html,2026-03-02,1.40 | 1.45 | 1.50 | 2.20,n/a evergreen example,"odds R600-R800 Hollywoodbets R25 free bet + promos Varies R200-R400 Supabets 50% up to R2,000 5x at 1.50 || odds R400-R600 Sportingbet 100% up to R1,000 5x at 1.50 || odds R300-R500 10bet 50% up to R3,000 6x at 1.40"
/blog/mtn8-betting-guide-south-africa-2026.html,2026-05-26,1.72 | 2.05,not yet / future-season content,price might be 2.05 || priced at 1.72
/blog/nedbank-cup-2026-final-betting-guide.html,2026-03-26,3.50 | 5.00,yes,odds of around 3.50 || odds of around 5.00
/blog/nedbank-cup-betting-guide.html,2026-02-23,1.80 | 3.00,yes,"price, no real value Orlando Pirates 4.00 || odds in Nedbank Cup matches are typically priced at 3.00 || priced around 1.80"
/blog/playabets-vs-betway-south-africa-2026.html,2026-03-05,3.40,unknown,odds might be 3.40
/blog/playabets-vs-wsb-south-africa-2026.html,2026-03-19,1.50 | 1.80 | 3.40,unknown,Odds on 5/2 favourite) Bet Type Playabets WSB Fixed Win 3.40 || odds of 1.80 || odds of 1.50
/blog/polymarket-vs-kalshi-vs-sa-bookmakers-2026.html,2026-02-19,3.23,not yet / future-season content,odds 3.23
/blog/proteas-cricket-betting-guide-2026.html,2026-02-21,1.85,n/a evergreen example,odds: The difference between 1.85
/blog/psl-bet-builder-guide-south-africa-2026.html,2026-05-25,2.30,yes,"price Chiefs Example For a Kaizer Chiefs away match, assume the market has Chiefs at 2.30"
/blog/psl-golden-boot-2026-top-scorer-betting-guide.html,2026-03-21,1.65 | 2.50 | 3.50 | 6.30,yes,Odds Comparison Player Club Betway Hollywoodbets Sportingbet Peter Shalulile Sundowns 2.50 || odds for these players as anytime goalscorer in favourable matchups range from 1.65 || odds of 6.30
/blog/psl-offseason-transfer-betting-guide-2026.html,2026-05-27,1.60,yes,priced around 1.60
/blog/psl-playoffs-2026-betting-guide.html,2026-04-17,1.40 | 1.45,yes,odds heading into the playoffs: Team Hollywoodbets Betway GBets Mamelodi Sundowns 1.40 || prices on Sundowns at 1.45 || Tips for the PSL Playoffs 🏆 Our Outright Picks 🥇 Sundowns to win championship — 1.40
/blog/psl-title-race-betting-guide.html,2026-03-16,1.25 | 1.35 | 1.85 | 1.90 | 1.95 | 2.00 | 2.20 | 4.31 | 9.45,yes,pricing the title race: Team Betway Hollywoodbets Sportingbet Mamelodi Sundowns 1.90 || Value Pick: Orlando Pirates at 2.20 || Odds: ~1.35
/blog/psl-title-race-pirates-vs-sundowns-betting-guide-2026.html,2026-03-06,2.10,yes,Odds Our Assessment Orlando Pirates ~2.10
/blog/rugby-championship-2026-betting-guide.html,2026-02-18,1.40 | 2.50,not yet / future-season content,"pricing All Blacks vs Springboks (Sep 13, 2025) Sportingbet 2.50 || priced at 1.40"
/blog/rugby-handicap-calculator-south-africa-2026.html,2026-05-26,1.22 | 1.90,not yet / future-season content,odds of 1.90 || Odds R500 return What must happen Springboks match winner 1.22
/blog/sa-cup-2026-betting-guide.html,2026-03-03,1.20 | 1.30 | 2.50,yes,priced at 1.30 || priced at 1.20 || priced at 2.50
/blog/sa-rugby-cricket-accumulator-calculator-may-2026.html,2026-05-23,1.45 | 2.92 | 5.16,yes,odds ranges rather than pretending one bookmaker always has the same price: Stormers match winner at 1.45 || odds: roughly 2.92 || odds: roughly 5.16
/blog/sa20-betting-guide-2026.html,2026-02-18,2.20,n/a evergreen example,Odds Notes Joburg Super Kings 2.20
/blog/same-game-multi-betting-guide-south-africa-2026.html,2026-02-28,1.35 | 1.40 | 1.45 | 1.55 | 1.65 | 1.70 | 1.75 | 1.80 | 1.85 | 2.00 | 2.10 | 2.50 | 2.64 | 2.80 | 3.20 | 4.96 | 5.00 | 7.25 | 7.43 | 8.35 | 11.20 | 50.00,n/a evergreen example,"odds multiply together, so three legs at 2.00 || odds of roughly 11.20 || odds of 4.00"
/blog/soweto-derby-betting-guide.html,2026-02-27,1.62 | 2.00 | 3.20,yes,odds of around 1.62 || priced above 2.00 || @ circa 3.20
/blog/sportingbet-vs-playabets-accumulator-betting-2026.html,2026-03-18,1.87 | 1.95,unknown,Odds Quality 1.87 || tiple outcomes into one bet: Chiefs to win (1.95
/blog/springboks-handicap-totals-betting-guide-2026.html,2026-05-19,1.05,not yet / future-season content,"Price Is Often Weak When the Boks are expected to win at home, the match winner can sit in the 1.05"
/blog/sunbet-vs-gbets-south-africa-2026.html,2026-04-13,1.50 | 1.85,unknown,odds 1.50 || odds of 1.50 || Odds: Sundowns vs Pirates Market Sunbet GBets Sundowns Win 1.85
/blog/sunbet-vs-playabets-south-africa-2026.html,2026-03-22,1.80,unknown,odds 5x turnover at 1.80 || priced at 1.80
/blog/sunbet-vs-supabets-south-africa-2026.html,2026-03-08,3.50,unknown,price the home win at 3.50
/blog/supabets-vs-10bet-south-africa-2026.html,2026-03-25,1.60,not yet / future-season content,odds of 1.60
/blog/supabets-vs-easybet-cricket-betting-2026.html,2026-03-18,2.85,unknown,Odds Quality 2.85
/blog/supabets-vs-sportingbet-psl-betting-2026.html,2026-04-08,1.20 | 1.30 | 2.38 | 2.45 | 2.85 | 2.90 | 3.05 | 3.10,yes,@ 2.45 || @ 2.38 || @ 3.10
/blog/t20-world-cup-final-india-vs-new-zealand-betting-guide-2026.html,2026-03-08,1.40 | 2.60,yes,odds around 1.40 || priced somewhere between 2.60
/blog/understanding-betting-odds-south-africa-2026.html,2026-03-16,1.10 | 1.25 | 1.30 | 1.50 | 1.85 | 2.00 | 2.10 | 2.50 | 3.00 | 3.50,not yet / future-season content,"Odds Let's say Kaizer Chiefs are playing Mamelodi Sundowns in a PSL clash, and Sundowns are priced at 1.85 || Odds of 2.00 || odds levels: Decimal Odds R50 Bet Returns R100 Bet Returns R500 Bet Returns Profit on R100 1.30"
/blog/virtual-sports-betting-guide-south-africa-2026.html,2026-03-15,2.50,n/a evergreen example,priced at 2.50
/blog/weekend-sa-accumulator-tips-april-12-2026.html,2026-04-10,1.40 | 2.00 | 3.00 | 4.49 | 8.54 | 49.60,yes,odds · Best for acca insurance Richards Bay vs Orlando Pirates 1.40 || Odds: ~4.49 || odds · Best for regular punters Richards Bay vs Orlando Pirates 1.40
/blog/yesplay-vs-easybet-south-africa-2026.html,2026-04-06,2.45,unknown,odds): PSL Match (Example) YesPlay Easybet Kaizer Chiefs win 2.45
/blog/yesplay-vs-gbets-south-africa-2026.html,2026-04-10,1.40 | 1.75,unknown,odds of 1.40 || Odds Comparison Market YesPlay Gbets Sundowns Win 1.75
/blog/yesplay-vs-playabets-south-africa-2026.html,2026-04-13,1.40 | 1.50 | 2.65,unknown,odds 1.40 || odds 1.50 || odds of 1.40
/bookmakers/gbets-review.html,2026-03-25,1.50 | 2.00,not yet / future-season content,odds of 1.50 || odds around 2.00
