slug,field,homepage_value,csv_value,review_page_value,operator_tandcs_url,confirmed_value,confirmed_by,confirmed_date
10bet,rating.value,4.1,,,,,,
10bet,welcome_bonus.headline,100% Deposit Match up to R500,,,,,,
10bet,welcome_bonus.min_deposit_zar,50,,,,,,
10bet,welcome_bonus.wagering,,,,,,,
10bet,welcome_bonus.min_odds,,,,,,,
10bet,welcome_bonus.promo_code,,,,,,,
10bet,payments.deposit_methods,,,,,,,
10bet,payout.typical_hours,,,,,,,
bet-co-za,rating.value,,,,https://www.bet.co.za/terms-and-conditions,,,
bet-co-za,welcome_bonus.headline,,,,https://www.bet.co.za/terms-and-conditions,,,
bet-co-za,welcome_bonus.min_deposit_zar,,,,https://www.bet.co.za/terms-and-conditions,,,
bet-co-za,welcome_bonus.wagering,,,,https://www.bet.co.za/terms-and-conditions,,,
bet-co-za,welcome_bonus.min_odds,,,,https://www.bet.co.za/terms-and-conditions,,,
bet-co-za,welcome_bonus.promo_code,,,,https://www.bet.co.za/terms-and-conditions,,,
bet-co-za,payments.deposit_methods,,,,https://www.bet.co.za/terms-and-conditions,,,
bet-co-za,payout.typical_hours,,,,https://www.bet.co.za/terms-and-conditions,,,
betfred,rating.value,,,,https://betfred.co.za/terms-and-conditions,,,
betfred,welcome_bonus.headline,,,,https://betfred.co.za/terms-and-conditions,,,
betfred,welcome_bonus.min_deposit_zar,,,,https://betfred.co.za/terms-and-conditions,,,
betfred,welcome_bonus.wagering,,,,https://betfred.co.za/terms-and-conditions,,,
betfred,welcome_bonus.min_odds,,,,https://betfred.co.za/terms-and-conditions,,,
betfred,welcome_bonus.promo_code,,,,https://betfred.co.za/terms-and-conditions,,,
betfred,payments.deposit_methods,,,,https://betfred.co.za/terms-and-conditions,,,
betfred,payout.typical_hours,,,,https://betfred.co.za/terms-and-conditions,,,
betmaster,rating.value,,,,,,,
betmaster,welcome_bonus.headline,,,,,,,
betmaster,welcome_bonus.min_deposit_zar,,,,,,,
betmaster,welcome_bonus.wagering,,,,,,,
betmaster,welcome_bonus.min_odds,,,,,,,
betmaster,welcome_bonus.promo_code,,,,,,,
betmaster,payments.deposit_methods,,,,,,,
betmaster,payout.typical_hours,,,,,,,
betolimp,rating.value,,,,,,,
betolimp,welcome_bonus.headline,,,,,,,
betolimp,welcome_bonus.min_deposit_zar,,,,,,,
betolimp,welcome_bonus.wagering,,,,,,,
betolimp,welcome_bonus.min_odds,,,,,,,
betolimp,welcome_bonus.promo_code,,,,,,,
betolimp,payments.deposit_methods,,,,,,,
betolimp,payout.typical_hours,,,,,,,
betshezi,rating.value,,,,,,,
betshezi,welcome_bonus.headline,,,,,,,
betshezi,welcome_bonus.min_deposit_zar,,,,,,,
betshezi,welcome_bonus.wagering,,,,,,,
betshezi,welcome_bonus.min_odds,,,,,,,
betshezi,welcome_bonus.promo_code,,,,,,,
betshezi,payments.deposit_methods,,,,,,,
betshezi,payout.typical_hours,,,,,,,
betway,rating.value,4.5,4.1,4.6,,,,
betway,welcome_bonus.headline,"Up to R1,000 Welcome Bonus","R1,000 matched deposit","Up to R1,000 matched",,,,
betway,welcome_bonus.min_deposit_zar,10,5,5,,,,
betway,welcome_bonus.wagering,,,,,,,
betway,welcome_bonus.min_odds,,,,,,,
betway,welcome_bonus.promo_code,,,,,,,
betway,payments.deposit_methods,,,,,,,
betway,payout.typical_hours,,Instant to 24 hours,Minutes–24h (Instant EFT),,,,
easybet,rating.value,,4,4,,,,
easybet,welcome_bonus.headline,,"100% match up to R1,000","100% match up to R1,000",,,,
easybet,welcome_bonus.min_deposit_zar,,20,20,,,,
easybet,welcome_bonus.wagering,,,,,,,
easybet,welcome_bonus.min_odds,,,,,,,
easybet,welcome_bonus.promo_code,,,,,,,
easybet,payments.deposit_methods,,,,,,,
easybet,payout.typical_hours,,24 to 72 hours,24 to 72 hours,,,,
gbets,rating.value,3.9,,,,,,
gbets,welcome_bonus.headline,R25 Free Bet on Registration,,,,,,
gbets,welcome_bonus.min_deposit_zar,5,,,,,,
gbets,welcome_bonus.wagering,,,,,,,
gbets,welcome_bonus.min_odds,,,,,,,
gbets,welcome_bonus.promo_code,,,,,,,
gbets,payments.deposit_methods,,,,,,,
gbets,payout.typical_hours,,,,,,,
hollywoodbets,rating.value,4.3,4.7,4.5,,,,
hollywoodbets,welcome_bonus.headline,R25 Sign-Up Bonus,R25 sign-up bonus + promos,R25 sign-up bonus + promos,,,,
hollywoodbets,welcome_bonus.min_deposit_zar,5,10,10,,,,
hollywoodbets,welcome_bonus.wagering,,,,,,,
hollywoodbets,welcome_bonus.min_odds,,,,,,,
hollywoodbets,welcome_bonus.promo_code,,,,,,,
hollywoodbets,payments.deposit_methods,,,,,,,
hollywoodbets,payout.typical_hours,,24 to 72 hours,24 to 72 hours,,,,
lottostar,rating.value,,,,https://lottostar.co.za/terms-and-conditions,,,
lottostar,welcome_bonus.headline,,,,https://lottostar.co.za/terms-and-conditions,,,
lottostar,welcome_bonus.min_deposit_zar,,,,https://lottostar.co.za/terms-and-conditions,,,
lottostar,welcome_bonus.wagering,,,,https://lottostar.co.za/terms-and-conditions,,,
lottostar,welcome_bonus.min_odds,,,,https://lottostar.co.za/terms-and-conditions,,,
lottostar,welcome_bonus.promo_code,,,,https://lottostar.co.za/terms-and-conditions,,,
lottostar,payments.deposit_methods,,,,https://lottostar.co.za/terms-and-conditions,,,
lottostar,payout.typical_hours,,,,https://lottostar.co.za/terms-and-conditions,,,
play-co-za,rating.value,4.2,4.2,4.2,,,,
play-co-za,welcome_bonus.headline,"100% Match up to R3,000 (300% up to R9,000 across 3 deposits)","300% match up to R9,000 (across 3 deposits)",,,,,
play-co-za,welcome_bonus.min_deposit_zar,5,5,5,,,,
play-co-za,welcome_bonus.wagering,,,,,,,
play-co-za,welcome_bonus.min_odds,,,,,,,
play-co-za,welcome_bonus.promo_code,,,,,,,
play-co-za,payments.deposit_methods,,,,,,,
play-co-za,payout.typical_hours,,12 to 24 hours,"12-24 hours, it's an accessible option for both casual and serious punters",,,,
playabets,rating.value,,,,,,,
playabets,welcome_bonus.headline,,,,,,,
playabets,welcome_bonus.min_deposit_zar,,,,,,,
playabets,welcome_bonus.wagering,,,,,,,
playabets,welcome_bonus.min_odds,,,,,,,
playabets,welcome_bonus.promo_code,,,,,,,
playabets,payments.deposit_methods,,,,,,,
playabets,payout.typical_hours,,,,,,,
sportingbet,rating.value,4.2,4.7,4.7,,,,
sportingbet,welcome_bonus.headline,R50 Free Bet on Sign-Up,"R50 free bet + 100% match up to R2,000","R50 free bet + 100% match up to R2,000",,,,
sportingbet,welcome_bonus.min_deposit_zar,20,10,10,,,,
sportingbet,welcome_bonus.wagering,,,,,,,
sportingbet,welcome_bonus.min_odds,,,,,,,
sportingbet,welcome_bonus.promo_code,,,,,,,
sportingbet,payments.deposit_methods,,,,,,,
sportingbet,payout.typical_hours,,24 to 48 hours,24 to 48 hours,,,,
sunbet,rating.value,3.8,,,,,,
sunbet,welcome_bonus.headline,R50 Sign-Up Bonus,,,,,,
sunbet,welcome_bonus.min_deposit_zar,20,,,,,,
sunbet,welcome_bonus.wagering,,,,,,,
sunbet,welcome_bonus.min_odds,,,,,,,
sunbet,welcome_bonus.promo_code,,,,,,,
sunbet,payments.deposit_methods,,,,,,,
sunbet,payout.typical_hours,,,,,,,
supabets,rating.value,,4.3,4.3,,,,
supabets,welcome_bonus.headline,,R20 sign-up bonus + rewards,R20 sign-up bonus + rewards,,,,
supabets,welcome_bonus.min_deposit_zar,,10,10,,,,
supabets,welcome_bonus.wagering,,,,,,,
supabets,welcome_bonus.min_odds,,,,,,,
supabets,welcome_bonus.promo_code,,,,,,,
supabets,payments.deposit_methods,,,,,,,
supabets,payout.typical_hours,,24 to 48 hours,24 to 48 hours,,,,
world-sports-betting,rating.value,4,4.1,4.1,https://www.worldsportsbetting.co.za/terms-and-conditions,,,
world-sports-betting,welcome_bonus.headline,R50 Sign-Up Bonus,"Up to R1,000 welcome bonus","Up to R1,000 welcome bonus",https://www.worldsportsbetting.co.za/terms-and-conditions,,,
world-sports-betting,welcome_bonus.min_deposit_zar,10,20,20,https://www.worldsportsbetting.co.za/terms-and-conditions,,,
world-sports-betting,welcome_bonus.wagering,,,,https://www.worldsportsbetting.co.za/terms-and-conditions,,,
world-sports-betting,welcome_bonus.min_odds,,,,https://www.worldsportsbetting.co.za/terms-and-conditions,,,
world-sports-betting,welcome_bonus.promo_code,,,,https://www.worldsportsbetting.co.za/terms-and-conditions,,,
world-sports-betting,payments.deposit_methods,,,,https://www.worldsportsbetting.co.za/terms-and-conditions,,,
world-sports-betting,payout.typical_hours,,24 to 72 hours,24 to 72 hours,https://www.worldsportsbetting.co.za/terms-and-conditions,,,
yesplay,rating.value,,,,,,,
yesplay,welcome_bonus.headline,,,,,,,
yesplay,welcome_bonus.min_deposit_zar,,,,,,,
yesplay,welcome_bonus.wagering,,,,,,,
yesplay,welcome_bonus.min_odds,,,,,,,
yesplay,welcome_bonus.promo_code,,,,,,,
yesplay,payments.deposit_methods,,,,,,,
yesplay,payout.typical_hours,,,,,,,
